seller_id,seller_zip_code_prefix,seller_city,seller_state
d1b65fc7debc3361ea86b5f14c68d2e2,13844,mogi guacu,SP
ce3ad9de960102d0677a81f5d0bb7b2d,20031,rio de janeiro,RJ
e49c26c3edfa46d227d5121a6b6e4d37,55325,brejao,PE
1b938a7ec6ac5061a66a3766e0e75f90,16304,penapolis,SP
ccc4bbb5f32a6ab2b7066a4130f114e3,80310,curitiba,PR
8bd0f31cf0a614c658f6763bd02dea69,01222,sao paulo,SP
e38db885400cd35c71dfd162f2c1dbcf,70740,brasilia,DF
4e6015589b781adaa5ce7f1892d06bb1,11440,guaruja,SP
f7496d659ca9fdaf323c0aae84176632,04156,sao paulo,SP
2ff97219cb8622eaf3cd89b7d9c09824,13320,salto,SP
2a1348e9addc1af5aaa619b1a3679d6b,30494,belo horizonte,MG
116ccb1a1604bc88e4d234a8c23f33de,09850,sao bernardo do campo,SP
430315b7bb4b6e4b3c978f9dfa9b0558,04857,sao paulo,SP
406822777a0b9eb5c50e442dd4cd3ec5,18500,tatui,SP
d9a84e1403de8da0c3aa531d6d108ba6,03562,sao paulo,SP
1f9ab4708f3056ede07124aad39a2554,17602,tupa,SP
ec2e006556300a79a5a91e4876ab3a56,03445,sao paulo,SP
b2a6d334e2833acea353624840e25a0e,04133,sao paulo,SP
d3674f271c91f824f82d24d92011f669,72233,brasilia,DF
768de2a4fc06aacecb9a586ccc30746a,70645,brasilia,DF
8444e55c1f13cd5c179851e5ca5ebd00,37584,congonhal,MG
41ab63a91b8b264e8c8780368bf1dd5b,31555,belo horizonte,MG
d71d863e5ef30d94e440c11be17dcd8f,06144,osasco,SP
0c7533c71df861ec58ad7ff999ed0e8d,13270,valinhos,SP
ef990a83bbea832f36ebe81376335aa8,89214,joinville,SC
13c2ed7698b3ca92dad49e849219da59,84010,ponta grossa,PR
02ecc2a19303f05e59ce133fd923fff7,09121,santo andre,SP
c013e57c075a06e5b5c48ee03c525719,13568,sao carlos,SP
55f7a3319d80f7fdf078b8f03e6725fe,06056,osasco,SP
2d50d6282f8aa2257819a77bfaa0efe0,14940,ibitinga,SP
a416b6a846a11724393025641d4edd5e,03702,sao paulo,SP
7e93a43ef30c4f03f38b393420bc753a,06429,barueri,SP
ef506c96320abeedfb894c34db06f478,03569,sao paulo,SP
7299e27ed73d2ad986de7f7c77d919fa,38440,araguari,MG
b2479f944e1b90cf8a5de1bbfde284d6,14940,ibitinga,SP
7722b1df1b0e383e000397b2c11e3e19,09715,sao bernardo do campo,SP
bba3293d6f5d5af2f415e004e8b93ae3,04726,sao paulo,SP
4e7c18b98d84e05cbae3ff0ff03846c2,14882,jaboticabal,SP
b56906f7fd1696e043f1bcce164c487b,19830,echapora,SP
d650b663c3b5f6fb392b6326366efa9a,06713,cotia,SP
669ae81880e08f269a64487cfb287169,89160,rio do sul,SC
abe42c5d03695b4257b5c6cbf4e6784e,21235,rio de janeiro,RJ
1996942dc085d7773ba77a529b163cd0,14850,pradopolis,SP
cda598c48d7c614bc1cad7d8ff6f0010,15137,mirassol,SP
709e16e2b25c7474d980076c6bfc4806,16200,birigui,SP
9c4d31c7e46ab03a43fc06e3142afd4e,20785,rio de janeiro,RJ
8bb48dc19fccaa8613b6229bf7f452a2,19803,assis,SP
1d4587203296c8f4ad134dc286fa6db0,05101,sao paulo,SP
0c8380b62e38e8a1e6adbeba7eb9688c,37410,tres coracoes,MG
37be5a7c751166fbc5f8ccba4119e043,04248,sao paulo,SP
e24d3429d294b2eb200b064ebb035879,03514,sao paulo,SP
44073f8b7e41514de3b7815dd0237f4f,71070,brasilia,DF
7b07b3c7487f0ea825fc6df75abd658b,02016,sao paulo,SP
99002261c568a84cce14d43fcffb43ea,78095,cuiaba,MT
784ba75dd9d20200c4caed3d7a77141a,01040,sao paulo,SP
099095b050cfe8eb1ddff5317587e96e,03322,sao paulo,SP
0ad80de75c811326389cfb1daba7d45e,20261,rio de janeiro,RJ
ea00f977a203ff88adf7057cb7806998,11085,santos,SP
82e0a475a88cc9595229d8029273f045,03417,sao paulo,SP
ed4acab38528488b65a9a9c603ff024a,08260,sao paulo,SP
f0837c8d71434931d9e38e7b79234797,95995,arvorezinha,RS
b18dc380845b24038cfc48006478f099,09951,diadema,SP
f22a247b79dd22ecd91dc8e3b2a1b07c,08573,itaquaquecetuba,SP
ffc470761de7d0232558ba5e786e57b7,07091,guarulhos,SP
4c498c7345e89aebad651544829beca0,06341,carapicuiba,SP
01bcc9d254a0143f0ce9791b960b2a47,76400,uruacu,GO
02f5837340d7eb4f653d676c7256523a,80620,curitiba,PR
f12ff17ad8bbf01ec5c33b17e506649b,03186,sao paulo,SP
a64e44665225d19dfc0277eeeaaccc57,19400,sao paulo,SP
6a8a889bde935bafa76d7848782dfaf9,02839,sao paulo,SP
229c3efbfb0ea2058de4ccdfbc3d784a,30190,belo horizonte,MG
95ec4458365c4d11f452ccf538377619,13481,limeira,SP
fa40cc5b934574b62717c68f3d678b6d,02310,sao paulo,SP
270d3ef21830ad0ecf3a6c53d08a533a,06380,carapicuiba,SP
8b2492b7ff4468839593fafeed55bad9,24451,sao goncalo,RJ
aaed1309374718fdd995ee4c58c9dfcd,89120,timbo,SC
e819bcfade7b5d88a27325eb6cfd62c5,07242,guarulhos,SP
9e6229250fedbe05838fef417b74e7fb,16800,mirandopolis,SP
817245bcc3badd82bbd222e0366951a6,17056,bauru,SP
615005a3ef192c00c6f0e977cee3d2bc,13304,itu,SP
5fd924b4836098a5be0ecf81ba054ce0,03554,sao paulo,SP
7178f9f4dd81dcef02f62acdf8151e01,89560,videira,SC
3f995f07c49d0d55a99d5c54957f7d81,06853,itapecerica da serra,SP
3db66a856d18a9cba7c9241fc5221c50,35430,ponte nova,MG
b4a476fbd28de64b1e347abf9089366a,06653,itapevi,SP
39c763cca83e654764b7a4a650fb9b7c,74563,goiania,GO
14a08204d03bb6b6bde8029f801ae0eb,01026,sao paulo,SP
c85d7b477a709c85a1e8b8f25aa1b270,09640,sao bernardo do campo,SP
3d621842b2ed28e2b474132480edac3c,08041,sao paulo,SP
a17f621c590ea0fab3d5d883e1630ec6,18055,sorocaba,SP
55bb6fe5bebe5012e2d7d9928e1128ff,17052,bauru,SP
d6b1ce66b035a475f00c017792ff9769,13327,salto,SP
c3aad7dc65449ae90a5e9c3c6c1e78e0,15350,auriflama/sp,SP
ececbfcff9804a2d6b40f589df8eef2b,14407,franca,SP
7d13fca15225358621be4086e1eb0964,14050,ribeirao preto,SP
1b4c3a6f53068f0b6944d2d005c9fc89,88730,sao ludgero,SC
b92e3c8f9738272ff7c59e111e108d7c,36502,uba,MG
b8555308bfdb4ca1ed54325a58da9a97,09751,sao bernardo do campo,SP
6c6e3d67f969468f3bfd33f827a31222,87035,maringa,PR
66d5ae34537110d3affc56174dad2b2f,15062,sao jose do rio preto,SP
f12d3c2a14729ae461b920c11fe20fdc,09080,santo andre,SP
4917cee8d902e13428c3ec4b1ca6f315,89031,blumenau,SC
741f8c587cb4248ebc5b779a0e8e0e51,09110,santo andre,SP
f9903dd0f812c7e771fcad47b6fff231,89070,blumenau,SC
50c9975695009e5e6473912e83a6d1da,35530,claudio,MG
7aa4334be125fcdd2ba64b3180029f14,18500,laranjal paulista,SP
cc1f04647be106ba74e62b21f358af25,02739,sao paulo,SP
a3e9a2c700480d9bb01fba070ba80a0e,14940,ibitinga,SP
516e7738bd8f735ac19a010ee5450d8d,22230,rio de janeiro,RJ
9f505651f4a6abe901a56cdc21508025,04102,sao paulo,SP
17adeba047385fb0c67d8e90b4296d21,07052,guarulhos,SP
7142540dd4c91e2237acb7e911c4eba2,16301,penapolis,SP
a3a38f4affed601eb87a97788c949667,89204,joinville,SC
744dac408745240a2c2528fb1b6028f3,83408,colombo,PR
9b013e03b2ab786505a1d3b5c0756754,11450,vicente de carvalho,SP
8b9d6eec4a7eb7d0f9d579ce0b38324d,26562,mesquita,RJ
38e679b9e0064cd94c6f035707344dae,86010,londrina,PR
54aa8463e87776b5612f4bdc4bd5d4de,30550,belo horizonte,MG
79ebd9a61bac3eaf882805ed4ecfa12a,85802,cascavel,PR
5f3ae9136c875522250f8184f253413a,01550,sao paulo,SP
8e6d7754bc7e0f22c96d255ebda59eba,12233,sao jose dos campos,SP
cbd996ad3c1b7dc71fd0e5f5df9087e2,15081,sao jose do rio preto,SP
8daab2245ebdc277c51098d01c5ad8ef,08411,sao paulo,SP
e067ad2c1c0b48758eb1b5228bcf7a68,11045,santos,SP
093805f8f2aeb63881444571e1f48f30,06236,osasco,SP
3c010235b7345c92f125d14ee232a76b,83800,mandirituba,PR
cb9fb4ca75d7ba8437480e8dde64fe98,03551,sao paulo,SP
6989574bd97d9773f10d232b6c07da59,80040,curitiba,PR
6d803cb79cc31c41c4c789a75933b3c7,14600,sao joaquim da barra,SP
5f2684dab12e59f83bef73ae57724e45,05125,sao paulo,SP
8b321bb669392f5163d04c59e235e066,01212,sao paulo,SP
76d64c4aca3a7baf218bf93ef7fa768d,80215,curitiba,PR
d06d019f72a04e5497a0b64190af170c,06703,cotia,SP
004c9cd9d87a3c30c522c48c4fc07416,14940,ibitinga,SP
3bdff180c7e1f6551a643b99c265a120,04811,sao paulo,SP
aced59e9b31ef866a94f9e7f29d8d418,03306,sao paulo,SP
b4f8921fcc4ff77b66bea6dda43dcd51,95034,caxias do sul,RS
0daf5180aa44356f60f8effa533b55a2,74043,goiania,GO
671585f5a2af58b6e276bc01003c0d2b,80510,curitiba,PR
2dd1fb6f0e42a2243b8a01e40cd41216,80240,curitiba,PR
9c1c0c36cd23c20897e473901a8fb149,11702,praia grande,SP
455c5640e8c5bd1b2ee85c0158f85727,89128,luiz alves,SC
87d30a6a0cbf89356e49324971ab1d24,02036,sao paulo,SP
aba1721a889e04decc910aa13b768ef4,05729,sao paulo,SP
cab85505710c7cb9b720bceb52b01cee,02252,sao paulo,SP
312ba1d77e9c332ef21f9598b7f64cd7,07179,guarulhos,SP
1fdc574883ef3b33ad41562d93f3a74a,13480,limeira,SP
9a03a4e9eb0b947652fae4f6121a3f5e,15805,catanduva,SP
6cd68b3ed6d59aaa9fece558ad360c0a,31255,belo horizonte,MG
3df020b72d3d44b3af9d110fa3940b65,15704,jales,SP
537eb890efff034a88679788b647c564,20270,rio de janeiro,RJ
0d33a55da925bbf1ff02af5f6059fc7f,05632,sao paulo,SP
cea729054f157f5870bdd321a958d994,03161,sao paulo,SP
955fee9216a65b617aa5c0531780ce60,04782,sao paulo,SP
0f0c984a4a955310903b6b6008660bad,14403,franca,SP
f805b96fa705ba7995a221f1749dc141,87013,maringa,PR
751bdc4d83a466c7206cd42e8f426b03,09405,ribeirao pires,SP
ba5daa4041e1f15cdf34b76e3e18a450,04363,sao paulo,SP
6e386f64c84e482f0b9abf960797ee1b,01539,sao paulo,SP
71592660bbcb6a4664e97b6f8b68babc,15055,sao jose do rio preto,SP
7d7866a99a8656a42c7ff6352a433410,01320,sao paulo,SP
5a93f3ab0ef4c84ed5e1b5dbf23978bc,12250,monteiro lobato,SP
e1b12447a7563944843191754aeb5562,07145,guarulhos,SP
1fe5540d7c1c37a595fefbacd5570d9e,25850,paraiba do sul,RJ
d3f39f05462b79a4562d35893a28f159,13730,mococa,SP
0176f73cc1195f367f7b32db1e5b3aa8,14940,ibitinga,SP
01cf7e3d21494c41fb86034f2e714fa1,85603,francisco beltrao,PR
ceaec5548eefc6e23e6607c5435102e7,03821,sao paulo,SP
c8771b1a10bb99bb34d3c459c5cffb53,36512,tocantins,SP
e9bc59e7b60fc3063eb2290deda4cced,87083,maringa,PR
6f229cc508fc6915ed5c499efd93baa4,21931,rio de janeiro,RJ
b0b346d3a89f5eb4c2968af3f083cd43,13105,campinas,SP
fa1a9dec3a9940c072684a46728bf1fc,88820,icara,SC
5670f4db5b62c43d542e1b2d56b0cf7c,03694,sao paulo,SP
cb8bcce248bb1fb274ba762d8b971456,37540,santa rita do sapucai,MG
6524b847b982cd56bb5d4b02b776ee42,13042,campinas,SP
610f72e407cdd7caaa2f8167b0163fd8,01201,sao paulo,SP
b6d44737c043328708f6749c2dbe50bd,09230,santo andre,SP
972d0f9cf61b499a4812cf0bfa3ad3c4,88359,brusque,SC
5b2e94f2c22b39ccc24d34ad0f669672,01214,sao paulo,SP
cfb1a033743668a192316f3c6d1d2671,18110,votorantim,SP
adcf50477d6a1f5d91bb9d54c4903cb5,35530,claudio,MG
bd15ee794d5e640d9dd71b665b2ab15b,14078,ribeirao preto,SP
6a51fc556dab5f766ced6fbc860bc613,17500,marilia,SP
ea6b12bf9ffe2bac34602ec631d97a47,07093,guarulhos,SP
dc64d75cc406bb0697be983831430e60,31560,belo horizonte,MG
259f7b5e6e482c230e5bfaa670b6bb8f,08550,poa,SP
dd7ddc04e1b6c2c614352b383efe2d36,03471,sao paulo,SP
f457c46070d02cadd8a68551231220dd,87047,maringa,PR
5962468f885ea01a1b6a97a218797b0a,82040,curitiba,PR
1f50f920176fa81dab994f9023523100,15025,sao jose do rio preto,SP
2b1a40c1daabc6ca280c4b815c101841,35500,divinopolis,MG
d93919c944be9cff128f6c9cb899eacb,13375,mombuca,SP
f7ba60f8c3f99e7ee4042fdef03b70c4,09628,sao bernardo do campo,SP
c5f7e746b7e6d07def6c0dae9903279b,81350,curitiba,PR
002100f778ceb8431b7a1020ff7ab48f,14405,franca,SP
c4fabeea6e569d42d02993bb1f4f1cbc,60741,fortaleza,CE
5bc237df65098fe211bb4818f4d26d78,38410,uberlandia,MG
6a38087bc8ad4f89ff453561005f6dea,75123,anapolis,GO
eebb3372362aa9a46975164bed19a7e7,04578,sao paulo,SP
2ec6e37d992a95eaddb3369dcbcc76d9,91310,porto alegre,RS
f84a00e60c73a49e7e851c9bdca3a5bb,20756,rio de janeiro,RJ
e5a38146df062edaf55c38afa99e42dc,01233,sao paulo,SP
62c50c1af4dfdc4149d25c5222043d39,04782,sao paulo,SP
4de6e4ba574aa9dfdc824bc44dc47fdd,83402,colombo,PR
f45122a9ab94eb4f3f8953578bc0c560,13419,piracicaba,SP
7901646fdd36a55f564ffaf2dbccaaf7,20021,rio de janeiro,RJ
6481e96574816ead57975da2c0f6d80d,18072,sorocaba,SP
b6dc74ed30f124f95227bed4e43a3bed,86702,arapongas,PR
48436dade18ac8b2bce089ec2a041202,27277,volta redonda,SP
8ed8ea9a57c862f2c18c2fe41f601d56,89030,blumenau,SC
1554a68530182680ad5c8b042c3ab563,37580,monte siao,MG
ede0c03645598cdfc63ca8237acbe73d,14092,ribeirao preto,SP
1e47defeeadeca0e9a18fa5a9311e735,15800,catanduva,SP
ef0ace09169ac090589d85746e3e036f,24451,sao goncalo,RJ
87142160b41353c4e5fca2360caf6f92,90230,porto alegre,RS
289cdb325fb7e7f891c38608bf9e0962,31570,belo horizonte,SP
9d681c7e12db302cb261e721040dde65,80330,curitiba,PR
fa1c13f2614d7b5c4749cbc52fecda94,13170,sumare,SP
bf100ecb7997df312b285358fb32f92c,83070,sao jose dos pinhais,PR
3504c0cb71d7fa48d967e0e4c94d59d9,09350,maua,SP
34d1ca11b242c0fee2c834ae8d788566,36415,congonhas,MG
96493fab2fbb13a14d0c0e8772eef5c3,05537,sao paulo,SP
f76a3b1349b6df1ee875d1f3fa4340f0,03275,sao paulo,SP
99eaacc9e6046db1c82b163c5f84869f,14400,franca,SP
d98eec89afa3380e14463da2aabaea72,90010,porto alegre,RS
08084d990eb3f53af056ccbc1730c8a7,03612,sao paulo,SP
23613d49c3ac2bd302259e55c06c050c,13660,porto ferreira,SP
0bf0150d5b9d60d9cd2906003332f085,01547,sao paulo,SP
30829ded4523ab9224b93bc49a62c95f,95360,parai,RS
5075aaa8404020ae6aa8bf4792099b41,37706,pocos de caldas,MG
d354c38a7182125a748cb10474fe963b,28495,aperibe,RJ
c3cfdc648177fdbbbb35635a37472c53,80610,curitiba,PR
1ce3ae5a399804d1a87e706f8a813c3e,88715,jaguaruna,SC
5f26c1408a65b42a7224cd463bdf3292,86707,arapongas,PR
2138ccb85b11a4ec1e37afbd1c8eda1f,08250,sao paulo,SP
ef30892870c278497523264be1be2241,14801,araraquara,SP
d5b9a084373da994a6e37f732169a853,09182,santo andre,SP
f46490624488d3ff7ce78613913a7711,07194,guarulhos,SP
ad420dd0c4f92f8af951ac24b86d0cf5,38230,fronteira,MG
e8b4225284fbb02d16f200513f1f395d,14960,novo horizonte,SP
f61c63d13f7cd800549d5acdd390ae72,18185,pilar do sul,SP
7315baebc0572ff220d226283dc66728,13560,sao carlos,SP
c8b0e2b0a7095e5d8219575d5e7e1181,08598,itaquaquecetuba,SP
391fc6631aebcf3004804e51b40bcf1e,14940,ibitinga,SP
33cbbec1e7e1044aaf11d152172c776f,95705,bento goncalves,RS
8a2d12a90e92f012ce5226fc6592b653,81210,curitiba,PR
762ed976527cddf02787edba70fffa2a,86026,londrina,PR
e59aa562b9f8076dd550fcddf0e73491,82810,curitiba,PR
e9779976487b77c6d4ac45f75ec7afe9,11701,praia grande,SP
6b90f847357d8981edd79a1eb1bf0acb,07152,guarulhos,SP
73a63f72308aa20a46f4b1632018f196,82510,curitiba,PR
252e76235acb79183cfca6e34f13337d,13090,campinas,SP
7c5b05cbdb5542049f38d90d7815b97d,05201,sao paulo,SP
db4350fd57ae30082dec7acbaacc17f9,03126,sao paulo,SP
845e8036c3f7bf62099352f5ed910240,21041,rio de janeiro,RJ
4324dd16853115efb0fd9d0d131ba6f4,13720,sao jose do rio pardo,SP
6426d21aca402a131fc0a5d0960a3c90,14091,ribeirao preto,SP
8a432f4e5b471f8da497d7dc517666e2,19042,presidente prudente,SP
c092292535a57dacd95a8765f5518f87,26600,paracambi,RJ
20a8b0dc55da94fe74d112082427c84f,13312,itu,SP
bfd27a966d91cfaafdb25d076585f0da,13930,serra negra,SP
fadb07c842a2aef5d5a676b85f220e71,15052,sao jose do rio preto,SP
04e38a233f726ef161074ab1c9b0399a,01239,sao paulo,SP
7ade73f1b9b4e965f9009a4c3a7e2c15,17051,bauru,SP
a369d693961cb93b61ca2cc518872a85,15081,sao jose do rio preto,SP
134285d1f41da5c13a756ee8142c8a4e,02523,sao paulo,SP
b8578d2d823bd8e251f6fdd02b40902d,89069,blumenau,SC
c03121937e54a93fcc1825c3098bbb6e,82800,curitiba,PR
5996cddab893a4652a15592fb58ab8db,19010,presidente prudente,SP
1690cada046eb7e92c12f98b1f8a8167,01303,sao paulo,SP
42b729f859728f5079499127a9c2ef37,03910,sao paulo,SP
47efca563408aae19bb7206c2d969ea9,64033,teresina,PI
71271995e85f5b8530be99ed54a91b89,91360,porto alegre,RS
a435b009cd956ea60748b5cfbddf2e24,14406,franca,SP
9c0e69c7bf2619675bbadf47b43f655a,12230,sao jose dos campos,SP
52f976b17ea7f2f087f56dcc419328f6,86820,california,PR
6edacfd9f9074789dad6d62ba7950b9c,07135,guarulhos,SP
334cab711dee080b079fa5779b584783,09190,santo andre,SP
ccf8813e5a7d6c84d865cd38bfc2b130,12080,taubate,SP
8d956fec2e4337affcb520f56fd8cbfd,09780,sao bernardo do campo,SP
e5a3438891c0bfdb9394643f95273d8e,13483,limeira,SP
138dbe45fc62f1e244378131a6801526,02215,sao paulo,SP
5058e8c1e82653974541e83690655b4a,08583,itaquaquecetuba,SP
9674754b5a0cb32b638cec001178f799,04438,sao paulo,SP
d3dcf0604eabf0224fbd5948b5e02f69,03654,sao paulo,SP
49067458c68f7701fd334ce326accbe0,36050,juiz de fora,MG
dfa0c4c6229ab200a4a1336b4d7128ff,88085,florianopolis,SC
2cb6eb1b7185064167657fa09f541105,34710,sabara,MG
6c7d50c24b3ccd2fd83b44d8bb34e073,19025,presidente prudente,SP
5cbbd5a299cab112b7bf23862255e43e,83324,pinhais,PR
ca3bd7cd9f149df75950150d010fe4a2,04361,sao paulo,SP
323ce52b5b81df2cd804b017b7f09aa7,03306,sao paulo,SP
76ea5315acb3f5f7ade3cd261faf922a,04213,sao paulo,SP
bc503e244f187939d10c92a5c8e378ce,16200,birigui,SP
1caf283236cd69af44cbc09a0a1e7d32,26020,nova iguacu,RJ
ba90964cff9b9e0e6f32b23b82465f7b,07140,guarulhos,SP
20d83f3ef0e6925fd74bfd59170babf7,02804,sao paulo,SP
e7df4cd29ab5abab70fb0783ddb53987,04122,sao paulo,SP
0432ead42b6c8a0bdf68154add917fdf,09320,maua,SP
2a261b5b644fa05f4f2700eb93544f2c,13660,porto ferreira,SP
3785b653b1b82de85ab47dd139938091,85640,ampere,PR
d379f449f2a3b271bc01c0782020f705,35500,divinopolis,MG
7ea5bfa6c340f58f8e71fc1f0412b0d6,30180,belo horizonte,MG
c54679b132454625907c773d273d4126,11443,guaruja,SP
bd697db56ff8e7c9cd1abeb7f72029b2,03533,sao paulo,SP
1a3df491d1c4f1589fc2b934ada68bf2,89224,joinville,SC
4170f6a9367e6b5d6401d03ce6d54569,71906,brasilia df,DF
6560211a19b47992c3666cc44a7e94c0,05849,sao paulo,SP
e3e290b38963293022cdcd6db8328103,01403,sao paulo,SP
596849622429351f47b32e6cae1055ff,08710,mogi das cruses,SP
718539d38d07dd351c76db862760e2e2,13088,campinas,SP
0b90b6df587eb83608a64ea8b390cf07,87025,maringa,PR
3bb32fedaa74e4ad20f4ce067733bd31,88210,porto belo,SC
8a87611c08849ffeeccab52aa798b6c7,82940,curitiba,PR
679769a98cfcc6da877c8486ff1c13f3,35162,ipatinga,MG
febab0275244b9a49a623f0bd613ca2f,13920,pedreira,SP
f3da5b2ff499efb8d4a6d371d175d7dd,02407,sao paulo,SP
436bf27f2f18474fc6047702e9f8a866,13041,campinas,SP
67883baaae6134ee81b271a542613728,01310,sao paulo,SP
d97df38225e5abadaff1e72cb72b823c,09560,sao caetano do sul,SP
a420f60ff1aa9acc80d0e42959f2b313,05138,sao paulo,SP
ff4ea69c2a729e83e63c7579e4ef8170,07071,guarulhos,SP
916748bc99315c2d202898ae58b1617e,18040,sorocaba,SP
25debeafbce801fdd479539350185eee,17350,igaracu do tiete,SP
ad97a199236354e53fcd91a5a913e9a2,88350,brusque,SC
c7dcd301ecfe5ab7f778ac172cf74be7,30120,belo horizonte,MG
8602a61d680a10a82cceeeda0d99ea3d,01001,sao paulo,SP
fde0cc9ea29c8ccfc0a2c22256a58c71,81650,curitiba,PR
e63e8bfa530fb16910dd6956e592bb81,07160,guarulhos,SP
c4f7fee5b0db50e87766f5a4d1b1b758,18085,sorocaba,SP
2646baaf662d4d92ac48f047e35db92d,03303,sao paulo,SP
13fa2a6c6b9d0f43cb588d7c82117a12,03567,sao paulo,SP
33a17d60c64393351ebf1ef860f4e0f2,91510,porto alegre,RS
640e21a7d01df7614a3b4923e990d40c,14940,ibitinga,SP
d57e18d5f73c7ccb7f7339b61166898d,03613,sao paulo,SP
dd2bdf855a9172734fbc3744021ae9b9,31255,belo horizonte,MG
cbf09e831b0c11f6f23ffb51004db972,09726,sbc/sp,SP
7fdb0720c8d7c9075538b365dc8c3a22,85904,toledo,PR
4aba391bc3b88717ce08eb11e44937b2,45816,arraial d'ajuda (porto seguro),BA
715bbd5ba4e6b74cb0d2f29eb45058b0,13930,serra negra,SP
1430239a858e7682bbc43b20758af153,04087,sao paulo,SP
d598f929fc44e1e38678e7f47250ec04,73801,formosa,GO
6b536a23086fba0d58c08d68814397f6,24346,niteroi,RJ
95f83f51203c626648c875dd41874c7f,37564,borda da mata,MG
6b243f80ed07b10f0e8aa0f21a205f3c,81825,curitiba,PR
e7f3bf1ecd8526eb7f3b18059e6716e5,11680,ubatuba,SP
4d600e08ecbe08258c79e536c5a42fee,85988,entre rios do oeste,PR
2089a6d640999f9b9141ac719b2af596,13566,sao carlos,SP
4f0d637c1197fd65405ebd755ac9f86b,06768,taboao da serra,SP
2a5b78b41cd05baeac8df54c6606b92c,35570,formiga,MG
b32be1695eb7ec5f10f72d9610a12527,95012,caxias do sul,RS
53243585a1d6dc2643021fd1853d8905,42738,lauro de freitas,BA
6df688df543f90e9b38f4319e75a9d88,31230,belo horizonte,MG
7f40d06aa0b5f1aa4f41af8c0480e2ef,13506,rio claro,SP
b1fecf4da1fa2689bccffa0121953643,79107,campo grande,MS
ba6b68b55fe8704377a7d43c8e5c0185,30130,belo horizonte,MG
b8114f2f589a6804810f04f99b36b498,09633,sao bernardo do campo,SP
b33aaadd1a8891d2dfef0c4c3bdf0371,13481,limeira,SP
dee656f0f566ed1aa85bd137c943f08f,12701,cruzeiro,SP
d673a59aac7a70d8b01e6902bf090a11,14940,ibitinga,SP
966cb4760537b1404caedd472cc610a5,09920,diadema,SP
f3b80352b986ab4d1057a4b724be19d0,71200,brasilia,DF
9aa388272ee334b6ae07bc73706e254a,36886,muriae,MG
5e105f5c9f63f5f1fd75d6cb942e55b1,15076,sao jose do rio preto,SP
bf00385a5f7fc1ef39a13c2e9ee50a5f,01224,sao paulo,SP
cd68562d3f44870c08922d380acae552,14050,ribeirao preto,SP
28405831a29823802aa22c084cfd0649,03644,sao paulo,SP
5bc55dbe2f12b6af6d83ed46023e0dc8,35170,coronel fabriciano,MG
b1b3948701c5c72445495bd161b83a4c,03390,sao paulo,SP
00ee68308b45bc5e2660cd833c3f81cc,03333,sao paulo,SP
701938c450705b8ae65fc923b70f35c7,15014,s jose do rio preto,SP
f5f1f2c5f923f36ad79ea1d07185ddc9,19820,taruma,SP
59b22a78efb79a4797979612b885db36,38414,uberlandia,MG
ea8482cd71df3c1969d7b9473ff13abc,04160,sao paulo,SP
5b925e1d006e9476d738aa200751b73b,04567,sao paulo,SP
06bb3a2fe5e7b7a845b13e8fb91bd944,31844,belo horizonte,MG
fe2032dab1a61af8794248c8196565c9,13030,campinas,SP
3092c0b297aacfb4bb6e056ebe13b9b8,07402,aruja,SP
c004e5ea15737026cecaee0447e00b75,02035,sao paulo,SP
1c56ffe0e9dea2657fc6e95b53f40b13,13575,sao carlos,SP
e0a366315b1b726b6c7832d664c0f530,02258,sao paulo,SP
cd6efc47efaabf134f8bdb654e10b4f1,23050,rio de janeiro,RJ
4e17c65a516f69d023a2ae78b84f28d6,08673,suzano,SP
33ac3e28642ab8bda860a2f693000e78,06717,cotia,SP
18a349e75d307f4b4cc646a691ed4216,01319,sao paulo,SP
a72c2f59332659e361d647515c698798,95270,flores da cunha,RS
b55638ad525e906c698fa2ce742c1742,88780,imbituba,SC
12b9676b00f60f3b700e83af21824c0e,95780,montenegro,RS
a080fc8a850289b27500f6b49cca2553,03382,sao paulo,SP
8fdca8e349553f99bc738833a62c8802,02189,sao paulo,SP
08061dc0fc165ed41288cc7acde738ee,06036,osasco,SP
612170e34b97004b3ba37eae81836b4c,93542,novo hamburgo,RS
2a84855fd20af891be03bc5924d2b453,30111,belo horizonte,MG
cf2384dd2f1dddea3f838efed0945e65,13930,serra negra,SP
439a47cc365d6e3bd526812ea9de3c29,08730,mogi das cruzes,SP
4b9750c8ad28220fe6702d4ecb7c898f,13484,limeira,SP
278b6e0b20c4f61fefaa0577943d7a35,88316,itajai,SC
2059c39f76271d4ca3f15b5ffaccc8b8,81930,curitiba,PR
8cbac7e12637ed9cffa18c7875207478,89254,jaragua do sul,SC
fdb9095204a334cd8872252ffec6f2db,03331,sao paulo,SP
5b97c06a046398e7005b2b7c0d707a92,38770,joao pinheiro,MG
cb5df0dcb9e280b1780e9d589889f2c7,15115,bady bassitt,SP
9bcdfa7b615b3abb9461d9e3ad9886ae,89053,blumenau,SC
271c58a1d139c45eaf3316107c6d3a3b,03632,sao paulo,SP
2dee2ce60de9709b1a24083217181a1f,78552,sinop,MT
f84fa566034f5e8e880a07ec624c56af,13330,indaiatuba,SP
b1ac6ea7895bc3dd6f0f6f4abbdd2821,92030,canoas,RS
851773c885feb5e2da3b4f82bc2b17ce,18683,lencois paulista,SP
0ff83046c3fa22efee8ecf291888b191,95110,caxias do sul,RS
aafe36600ce604f205b86b5084d3d767,88115,sao jose,SC
7357b52d27cbaa90f81a96cbc1279396,33400,lagoa santa,MG
180c3376aff0e43dd5788709df48a843,09911,sao paulo,SP
f4c4daa86e30c7e5a553a8d518ac03a5,85801,cascavel,PR
6c1b6d0c604b776f844125f911eb7377,05051,sao paulo,SP
a888faf2d1baececa6baf9c3d603ee1f,87502,umuarama,PR
681fce914360217db47784ae28905a96,83709,araucaria,PR
e560e4022d8f7aebf155db95946c5c0f,31110,belo horizonte,MG
41b39e28db005d9731d9d485a83b4c38,09220,santo andre,SP
609e1a9a6c2539919b8205cf7c4e6ff0,88359,brusque,SC
3d4b1ae7539303b5704493798893e82c,03244,sao paulo,SP
001cca7ae9ae17fb1caed9dfb1094831,29156,cariacica,ES
2eb70248d66e0e3ef83659f71b244378,13101,campinas,SP
6061155addc1e54b4cfb51c1c2a32ad8,13043,campinas,SP
8b87cd0d43d49b9bdf40f56229364d59,04111,sao paulo,SP
c6bda72e4dbf5c5866b13cb1810c6d03,03087,sao paulo,SP
cd06602b43d8800bd0afad514919d35c,04119,sao paulo,SP
2e0dba2da448400b1c11d7b4b22f32a4,09070,santo andre,SP
e882b2a25a10b9c057cc49695f222c19,25963,teresopolis,RJ
9baf5cb77970f539089d09a38bcec5c3,13330,indaiatuba,SP
f4a04f7be452aa3bb31760bf00055dd0,09010,santo andre,SP
dbc22125167c298ef99da25668e1011f,37564,borda da mata,MG
56e361f411e38dcef17cdc2a3d99628b,07113,guarulhos,SP
048c2757535328e0d7dac690ad3c0aae,14406,franca,SP
951e8cef368f09bb3f3d03c00ca4702c,14940,ibitinga,SP
d91fb3b7d041e83b64a00a3edfb37e4f,11704,praia grande,SP
688756f717c462a206ad854c5027a64a,07094,guarulhos,SP
9b00ed88b7fdb95d6ff76e27c1b52d16,08215,sao paulo,SP
c864036feaab8c1659f65ea4faebe1da,83605,campo largo,PR
8d899e15a5925f097cca50faa49b15e3,18131,sao roque,SP
ba143b05f0110f0dc71ad71b4466ce92,02274,sao paulo,SP
5f5b43b2bffa8656e4bc6efeb13cc649,04880,sao paulo,SP
6e864f5c4669eff3d98140a07cc50202,05639,sao paulo,SP
d9bd94811c3338dceb4181f3dbc0c73e,04186,sao paulo,SP
dbd66278cbfe1aa1000f90a217ca4695,05588,sao paulo,SP
e7d5b006eb624f13074497221eb37807,09291,santo andre,SP
2f74af7a0ee5636f12c2336f9fffed47,02376,sao paulo,SP
63b464dbf392c7b80d12d932fa7cafed,02034,sao paulo,SP
7c67e1448b00f6e969d365cea6b010ab,08577,itaquaquecetuba,SP
a7ecf689b40a44361e259b28939023e4,29102,vila velha,ES
91f0eec23d4a61d7d7caeefa3f0ad1ca,88704,tubarao,SC
b335c59ab742f751a85db9c411a86739,38442,araguari,MG
01fdefa7697d26ad920e9e0346d4bd1b,86050,londrina,PR
43f8c9950d11ecd03a0304a49e010da6,06341,carapicuiba,SP
6750d71153f00fc58829af2a8ef1bcf1,28800,rio bonito,RJ
eeb6de78f79159600292e314a77cbd18,88501,lages,SC
4bf2f4ee540798a61f9636d12cd9cc80,19814,assis,SP
25e6ffe976bd75618accfe16cefcbd0d,05503,sao paulo,SP
9dda5bbacd45e18d6485fee649205d09,37540,santa rita do sapucai,MG
2528744c5ef5d955adc318720a94d2e7,13202,jundiai,SP
062c325cd6a2b87845fab56b4ec2eeae,08150,sao paulo,SP
1d8dbc4f32378d715c717c1c1fc57bae,86706,arapongas,PR
fc906263ca5083d09dce42fe02247800,31030,belo horizonte,MG
9596c870880d900012f2e8e6e30d06d7,37074,varginha,MG
1da366cade6d8276e7d8beea7af5d4bf,36500,uba,MG
e96498ed8daaa3e9c23f7a62da76591c,05373,sao paulo,SP
5741dc2bf5044c34d0698681c5081bed,12226,sao jose dos campos,SP
bacb1f0ed56ad24198f5810d2b3fe9a5,12328,jacarei,SP
2cb98e27ce1c18abdb42209b34c382a7,14085,ribeirao preto,SP
2156f2671501a81034d7d07f217609d0,04776,sp,SP
de0c78824586e9a5f5f04fd84e25df39,06730,vargem grande paulista,SP
128639473a139ac0f3e5f5ade55873a5,87050,maringa,PR
0791d9fc1e30678ecf03d3e55fa108d3,30775,belo horizonte,MG
7a241947449cc45dbfda4f9d0798d9d0,37590,jacutinga,MG
7e1fb0a3ebfb01ffb3a7dae98bf3238d,14403,franca,SP
579891617139df7d8671d373f0669622,20061,rio de janeiro,RJ
25c5c91f63607446a97b143d2d535d31,35680,itauna,MG
f205b1a3ca9a34e0f8a228bae6e4c7b3,94965,cachoeirinha,RS
d2374cbcbb3ca4ab1086534108cc3ab7,14940,ibitinga,SP
c9a06ece156bb057372c68718ec8909b,73020,brasilia,DF
40d54b51e962dbe09cabbcfd33298dee,09230,santo andre,SP
70c27847eca8195c983ed7e798c56743,20930,rio de janeiro,RJ
b98b715fe9e276204e2a3464f48cd796,03827,sao paulo,SP
37ceb404da208418c9032f0674e57804,04615,sao paulo,SP
05d2173d43ea568aa0540eba70d2ca76,37135,alfenas,MG
b839e41795b7f3ad94cc2014a52f6796,09541,sao caetano do sul,SP
058cb5aeb36d7c0fcae20fc85d5e0a59,21635,rio de janeiro,RJ
48efc9d94a9834137efd9ea76b065a38,81130,curitiba,PR
a3b0df0065e264a91b7bbf5f844af5cd,09721,sao bernardo do capo,SP
0dd184061fb0eaa7ca37932c68ab91c5,07031,guarulhos,SP
60562ab00b8054280520d390c8c0045c,04809,sao paulo,SP
ad273c9eb54ecb4532de4bf75bae9e4e,80420,curitiba,PR
559d56f3b8f0bc2e5a9a62fe2ce2a39f,89220,joinville,SC
2aa3443d7bf9d9bb11133f420d75e083,22713,rio de janeiro,RJ
c3867b4666c7d76867627c2f7fb22e21,14580,guara,SP
0bae85eb84b9fb3bd773911e89288d54,88301,itajai,SP
058fd0aa2bfdb2274e05e1ae971dabb6,09020,santo andre,SP
f615fe7efbef0f4f08fd3086bc7a3e60,12940,atibaia,SP
aa1eb17b9fdf6dfd546e25c45c7b9235,04794,sao paulo,SP
08633c14ef2db992c11f840f04fad4cd,09416,ribeirao pires,SP
e88c9b79e592e370d6bd852eeefbf057,85501,pato branco,PR
6dc9bec584588412a6a338830946a3e4,03270,sao paulo,SP
5b8154610ebb21fb90eb587365e673df,12246,sao jose dos campos,SP
fb89df7f89fd1b8f03fa2acca1ba7364,85853,foz do iguacu,PR
17ca9b9e9b9ef8fdb529001b49ebb50f,32677,betim,MG
3f0e48d209018b466fcd3bb4ccfeb520,80215,curitiba,PR
9add47bf45ce8e8c7db6b9cf670b1e09,83830,fazenda rio grande,PR
acce39e832338debb07b02385cde5967,32110,contagem,MG
b2c97074649f92197d9387d9033dda5f,18604,botucatu,SP
f262cbc1c910c83959f849465454ddd3,03564,sao paulo,SP
14ee35374a7876217954b5fa08e50463,15015,sao jose do rio preto,SP
373ee4a3a775a733770ca3f790b8b9ac,22793,rio de janeiro,RJ
432c37c9dfba871172ec162e20118b8c,70235,brasilia,DF
daf565f087a52def0fd5c5825b3661bc,88350,brusque,SC
e9511df20ccd82658a30c37b7fb343af,17026,bauru,SP
d8c7ba53e7e38711eaef8c2849d6d2e1,87120,floresta,PR
6338ea67c41078a46ad99cc009654956,95170,farroupilha,RS
6c12e40690c335dbc2f68a4134d30dc1,84178,castro,PR
65febd49fd28ec955651299159b1f527,03275,sao paulo,SP
4ba52dfeba874da5b9ee7b17c7494f04,08790,mogi das cruzes,SP
06e5eefc71ec47ae763c5c6f8db7064f,91350,porto alegre,RS
2a6fbeaa7ab9e5d59a35841a8da71ce4,89259,jaragua do sul,SC
77fccaae319668a8ab6cd0fd16aec48c,28035,campos dos goytacazes,RJ
1987cd4be10fe09ee50454f9c354d1c6,37570,ouro fino,MG
aae5e7b457a3c72ee230a47d98fceda5,83040,sao jose dos pinhas,PR
ff1fb4c404b2efe68b03350a8dc24122,08710,mogi das cruzes,SP
817f85dbb65aa3e70831d90fe75cdf89,18530,tiete,SP
6860153b69cc696d5dcfe1cdaaafcf62,13360,capivari,SP
903037660cf848a717166eb7a06d616e,05734,sao paulo,SP
f08c008c8a8d31417763738a1788a2a8,85875,santa terezinha de itaipu,PR
bf3c6d2a28b2b5501e6c15448982dcc9,04180,sao paulo,SP
e99e927c81e3f51739c94fcdfca9f10f,38400,uberlandia,MG
066a6914e1ebf3ea95a216c73a986b91,85863,foz do iguacu,PR
3cfa1358a6caa965278721344c8d76f2,09831,sao bernardo do campo,SP
6d66611d7c44cc30ce351abc49a68421,04378,sao paulo,SP
e48cc16ab70bfa09e1401740dce0b3d7,16022,aracatuba,SP
3d8fa2f5b647373c8620330c4e077a9f,03031,sao paulo,SP
76d5af76d0271110f9af36c92573f765,03194,sao paulo,SP
729f06993dac8e860d4f02d7088ca48a,13481,limeira,SP
b19f3ca2ea475913750f25a5c37c8d8f,35501,divinopolis,MG
cc419e0650a3c5ba77189a1882b7556a,09015,santo andre,SP
0df3984f9dfb3d49ac6366acbd3bbb85,32604,betim,MG
7008613ea464bad5cb9b83456e1e6a8f,89460,canoinhas,SC
7f152321c60a266edc53af1925ef96c1,88801,criciuma,SC
c4fb51fb1c5b7c07bc5e67be6e7e8f6e,80060,curitiba,PR
eddd1991bd6d9309995a480c39b95137,84010,ponta grossa,PR
994f04b3718c2bab35c2adfa8afecd2a,13912,jaguariuna,SP
3f3486b61f45078d4f31ee5e43d8c5bb,03035,sao paulo,SP
a06c8ff043abea0528ee44171e2140a2,35501,divinopolis,MG
da2782c804606d2a5d8e1760dbb3e7ec,02022,sao paulo,SP
ce248b21cb2adc36282ede306b7660e5,89251,jaragua do sul,SC
5b0cc932433fa5184b5b94bfe6bcc256,14940,ibitinga,SP
08cdbae123ff67ca4e36d9d641ce0119,36504,uba,MG
7ad32824caee82087b3e2e5f33b1bf32,14940,ibitinga,SP
de722cd6dad950a92b7d4f82673f8833,51250,recife,PE
70849ca4f400aaabb62cb7462a6f1428,31210,belo horizonte,MG
b16d3dadc47d4eb18be3d88bad0775ce,93608,estancia velha,RS
8d46553a36e68f95350a200c12f8f2e2,13056,campinas,SP
45ba18c210d42734ec52c0c1c574e9ee,18130,sao roque,SP
10cdd491d1dbea8fb4ead97b19c334ce,37540,santa rita do sapucai,MG
dc317f341ab0e22f39acbd9dbf9b4a1f,94910,cachoeirinha,RS
1b8356dabde1d35e17cef975c3f82730,03477,sao paulo,SP
52562a9f449c3dc3d53f5f5b9ed74903,59152,parnamirim,RN
54965bbe3e4f07ae045b90b0b8541f52,85851,foz do iguacu,PR
6039e27294dc75811c0d8a39069f52c0,06162,osasco,SP
05ff92fedb5be47920fea08e501238b9,98803,santo angelo,RS
68f86ba270525243e68ae74044f992b9,21941,rio de janeiro,RJ
c68fb906c8f4b4b946d8386bfa6e5467,14870,jaboticabal,SP
53d00c40e32aeb924a84ce72b1af869d,14940,ibitinga,SP
93dc87703c046b603023e75222018b45,30315,belo horizonte,MG
10076e5788b8ee532724bcd460baf762,14315,batatais,SP
e9c6969d40e6a3d2d0f90013165c2b98,03448,sao paulo,SP
f0b47fbbc6dee9aafe415a6e33051b3f,09360,maua,SP
bd149ed516d4c5d418d5781f8e18919f,07241,guarulhos,SP
3dbbce181edfaa4a597ec858c382d2ec,82515,curitiba,PR
06532f10282704ef4c69168b914b77be,87140,paincandu,PR
1127b7f2594683f2510f1c2c834a486b,13087,campinas,SP
79ed755314cfe6df0daef2c6cd3022cd,13503,rio claro,SP
2c9e548be18521d1c43cde1c582c6de8,08752,mogi das cruzes,SP
bc47d5d1490df2b36add65d733eafaba,09163,santo andre,SP
fec6275253471ace26d209bbaa64cd0f,28605,nova friburgo,RJ
c31eff8334d6b3047ed34bebd4d62c36,13322,salto,SP
822166ed1e47908f7cfb49946d03c726,25803,tres rios,RJ
2e3be8a987a30d7544dbbda6861cc14e,30620,belo horizonte,MG
b2ba3715d723d245138f291a6fe42594,03470,sao paulo,SP
b410bdd36d5db7a65dcd42b7ead933b8,74645,goiania,GO
31344c16881c08a8a72c6d2eb29918c1,36500,uba,MG
0aea4c6ae1505b3228ddf3dd7822ee5b,18080,sorocaba,SP
fcb5ace8bcc92f75707dc0f01a27d269,07032,guarulhos,SP
6a0cbc8af2e8abd1bdfb777943d174c6,14312,batatais,SP
8931a84a914b3fe9b1ddaa4d704947ca,08410,sao paulo,SP
7681ef142fd2c19048da7430856b5588,07074,guarulhos,SP
7ddcbb64b5bc1ef36ca8c151f6ec77df,04403,sao paulo,SP
3481aa57cd91f9f9d3fa1fa12d9a3bf7,13360,capivari,SP
bd0389da23d89b726abf911cccc54596,71691,brasilia,DF
855668e0971d4dfd7bef1b6a4133b41b,13257,itatiba,SP
1c68394e931a64f90ea236c5ea590300,87114,sarandi,PR
e62b2d6ac10570a035a30bafcf01d263,05767,sao paulo,SP
f63d8f293af3a6454377546bd9dd19ff,18110,votorantim,SP
6bb0724edf0b62fb91ac404873a97241,06700,cotia,SP
77530e9772f57a62c906e1c21538ab82,80310,curitiba,PR
ff69aa92bb6b1bf9b8b7a51c2ed9cf8b,08140,sao paulo,SP
65b081a070633e057c462abdd6fb9dd8,75650,morrinhos,GO
edf96ef93ed595084bbcbd9224bd2894,01545,sao paulo,SP
6a8b085f816a1f75f92dbac6eb545f8f,14709,bebedouro,SP
f3295428338a40977a03f555246a70f4,29032,vitoria,ES
75fbb52eda0cbc24f479d3b2fbfa8d3e,74560,goiania,GO
062ce95fa2ad4dfaedfc79260130565f,95913,lajeado,RS
dd533b429f380718b70ad9922c294bae,14781,barretos,SP
582d4f8675b945722eda7c0cb61ba4c7,11250,bertioga,SP
94144541854e298c2d976cb893b81343,94451,viamao,RS
bf84056e679dbe9c69929847a40e338f,02537,sao paulo,SP
21c62b998a043ebe31161d38f84929fc,60110,fortaleza,CE
1c129092bf23f28a5930387c980c0dfc,02972,sao paulo,SP
b01c2b7b8599b325103ebcddc67413e1,95800,venancio aires,RS
3afc536624bc2e65bddfb5db33cc01f3,30150,belo horizonte,MG
8090490573c6c0aa343a7231ebcb8c86,04130,sao paulo - sp,SP
26d6bbee02420494d471c9f6436929c0,81530,curitiba,PR
602044f2c16190c2c6e45eb35c2e21cb,14940,ibitinga,SP
b347677812ea483b0f528eaf8cbc09b7,82540,curitiba,PR
d94ba08b99bedd6a5f6c875ecc4a6fac,86800,apucarana,PR
b499c00f28f4b7069ff6550af8c1348a,13481,limeira,SP
fad44952713764836814be105382aee5,21340,rio de janeiro,RJ
624f4ece8da4aafb77699233d480f8ef,05138,sao paulo,SP
95e03ca3d4146e4011985981aeb959b9,21210,rio de janeiro,RJ
df560393f3a51e74553ab94004ba5c87,87900,loanda,PR
253f95b3a0e6983ae18aed49fbc2b845,04141,sao paulo,SP
834f3294fba9f932f56edc879193f925,14808,araraquara,SP
6c177e38df6d3f34182b1f1d427231bf,80430,curitiba,PR
e3b4998c7a498169dc7bce44e6bb6277,03635,sao paulo,SP
381c83fdca332ea6afd896da20bf6e4a,80010,curitiba,PR
6fd52c528dcb38be2eea044946b811f8,08180,sao paulo,SP
6bef34c5be6f2bbd70aa5165f6df94b1,89120,timbo,SC
f7720c4fa8e3aba4546301ab80ea1f1b,81350,curitiba,PR
7b7f91e98f8c6def45a1407923304402,06154,osasco,SP
4c2b230173bb36f9b240f2b8ac11786e,03933,sao paulo,SP
81336a0f57a33776419727a300249e90,13560,sao carlos,SP
02f623a8eb246f3c5f7c2f96462654e6,18611,botucatu,SP
4e06067cc08b3f41d837768d392c3ee3,32604,betim,MG
49e7217cfe4e427191c378ec626d8737,35570,formiga,MG
34f563c82a85b99ae9e6d60db5fc2e28,93700,campo bom,RS
4ddeb3e828550cddc8d45c8bc36ab2d1,01131,sao paulo,SP
3a734b715d333a2588a3d54a0c9b8746,06132,osasco,SP
392e0502231ae2f8b29994ef6398cd77,18760,cerqueira cesar,SP
5d0363b33554b373851fc1622e4d5f3c,12952,atibaia,SP
013900e863eace745d3ec7614cab5b1a,80740,curitiba,PR
c157bdeedcbc9a8e3c8bf0d87ff24428,18120,mairinque,SP
88cf19ec1fc2c58f161aee259d57142c,13570,sao carlos,SP
c679fb69a36e1d8349e8c50a217b4d58,95020,caxias do sul,RS
17a053fcb14bd219540cbde0df490be0,13843,mogi guacu,SP
e439f7176d763f92de325271111b2fd5,89219,joinville,SC
7f2617c58d5d06806987308b45654351,04571,sao paulo,SP
f00e21b1e91a79653163b7fd8f293ff1,37795,andradas,SP
cc5a78bbad32776dc4e3af205218368c,35501,divinopolis,MG
6eeed17989b0ae47c9f11ece6f38ea90,04123,sao paulo,SP
4e922959ae960d389249c378d1c939f5,12327,jacarei,SP
cfe94489ddd337d1e29e12f2a7205d10,03178,sao paulo,SP
94e93ce877be27a515118dbfd2c2be41,15502,votuporanga,SP
b566ab0ef88016e00422755e305103c6,37640,extrema,MG
8581055ce74af1daba164fdbd55a40de,07112,guarulhos,SP
0951a6e282947e09cd47969f4ed0b47f,06763,taboao da serra,SP
9c7fd21e0aa159b20da593371f08ff7c,06180,osasco,SP
c33847515fa6305ce6feb1e818569f13,88359,brusque,SC
8b8cfc8305aa441e4239358c9f6f2485,86020,londrina,PR
d4e4b5192cba4e0e66eb12a9d347239d,85904,toledo,PR
bb5bd94c8f59cc050072d2930c869cac,05008,sao paulo,SP
2a7dc43cecabf23403078e2188437d1d,04142,sao paulo,SP
a3f0b55de503387383c7b1de3ad7f678,82400,curitiba,PR
ea566164622c6b439516ab18062c42cd,05303,sao  paulo,SP
821fb029fc6e495ca4f08a35d51e53a5,02030,sao paulo,SP
d6ab728cf30867cf3f1a2e216ae2f9b7,03185,sao paulo,SP
2be17df1c49978426251562096c3cc09,88704,tubarao,SC
c500367424994318b9e779ff1ae9a330,13145,paulinia,SP
19e0f40a907ec568c34bfac15de4f4a1,13478,americana,SP
ecccfa2bb93b34a3bf033cc5d1dcdc69,81810,curitiba,PR
d921b68bf747894be13a97ae52b0f386,35570,formiga,MG
e256a62e0ac58c0edfba09966142d561,81320,curitiba,PR
c8417879a15366a17c30af34c798c332,04445,sao paulo,SP
c4d51195486dc781531876a7d00453d8,19023,presidente prudente,SP
2528513dd95219a6013d4d05176e391a,06060,osasco,SP
1464afc72f696af775557a821c2e253f,28630,nova friburgo,RJ
77a515caa36327151d1cc6c32a9f00e1,09912,diadema,SP
0c7f30ae9b147eca07affbef92832a6a,84020,ponta grossa,PR
318f287a62ab7ac10b703ac37435a231,04773,sao paulo,SP
acb6c2ca5c82411c1fdb88d5fd5eb95e,03423,sao paulo,SP
5b179e9e8cc7ab6fd113a46ca584da81,05424,sao paulo,SP
ffdd9f82b9a447f6f8d4b91554cc7dd3,80030,curitiba,PR
2379bdc3888025689a9deb7b141507d5,13806,mogi mirim,SP
0ddefe3c7a032b91f4e25b9c3a08fca1,09721,sao bernardo do campo,SP
730937bf88cb151eb2eb849f642fc213,13500,rio claro,SP
cc3d14116804f7209f3884f6367f1152,82940,curitiba,PR
440dd6ab244315c632130ecfb63827b1,15502,votuporanga,SP
66fd84ee7528c0c0de85d0f44a73d5ab,98975,campina das missoes,RS
45d33f715e24d15a6ccf5c17b3a23e3c,18015,sorocaba,SP
16090f2ca825584b5a147ab24aa30c86,12940,atibaia,SP
b561927807645834b59ef0d16ba55a24,02955,sao paulo,SP
e06f09ec0a4aca210779cf1cfc63cf19,04773,sao paulo,SP
8c9348f33ae3dada25c99c99ade2af78,06340,carapicuiba,SP
213b25e6f54661939f11710a6fddb871,13321,salto,SP
78c99c6dff4eeae5be99bf635ed21e3f,17510,marilia,SP
a36ac007a4d18f865c8d32c3b2402c2d,06455,barueri,SP
56642bcb79900e777d68e91915cb4267,03701,sao paulo,SP
8a130737016f838139d31878787a39c9,03187,sao paulo,SP
11742f81550ac064cc9a40f67151d9ad,15810,catanduva,SP
850f4f8af5ea87287ac68de36e29107f,04367,sao paulo,SP
343e716476e3748b069f980efbaa294e,13033,campinas,SP
e0eabded302882513ced4ea3eb0c7059,13023,campinas,SP
643214e62b870443ccbe55ab29a4dccf,02134,sao paulo,SP
ce27a3cc3c8cc1ea79d11e561e9bebb6,03006,sao paulo,SP
0241d4d5d36f10f80c644447315af0bd,80330,curitiba,PR
272f092de69afedd4d2969440b37f18f,03265,sao paulo,SP
8e8a7ce9f2f970dc00e2acf6f6e199f6,24710,sao goncalo,RJ
3935fe5fe0f82787a9dcb8deb62be09d,04905,sao paulo,SP
119d1aef1b4144adba89163f6cd9f5d4,13920,pedreira,SP
5b51032eddd242adc84c38acab88f23d,37564,borda da mata,MG
8cc6a0e5738e61a87b03c78b2ba9db4b,37795,andradas,MG
c53bcd3be457a342a97e39e5a9f0be22,49980,neopolis,SE
729b2d09b2a0bdab221076327f13d050,17320,mineiros do tiete,SP
18e694e0e48ed6f7aa3f24aade5fd697,13224,varzea paulista,SP
67bf6941ba2f1fa1d02c375766bc3e53,82400,curitiba,PR
897060da8b9a21f655304d50fd935913,14092,ribeirao preto,SP
76c47a299e4a8fe992316a85865acbe9,14075,ribeirao preto,SP
b494891378bd8f4560abe576c52deacd,04160,sao paulo,SP
14d7985702e72162bbf13b6beb74ab2b,09131,santo andre,SP
2c4c47cb51acd5ea5db5e0ae0e26542a,15290,buritama,SP
9616352088dcf83a7c06637f4ebf1c80,87504,umuarama,PR
1dd33b8119b3cb1056ed5dc88cd0aaf4,04710,sao paulo,SP
51702dc2a3e106c76dbff722b5bf0726,13835,conchal,SP
97512d3fc193b2d1dfcdba0f9d1f0f8a,08270,sao paulo,SP
afa6714acee029b2dfdf357e5579cc03,13690,descalvado,SP
520b493b57809f446cb0a233bb3e25c7,11075,santos,SP
b83cedfb587e7911540e3f576d6917ce,04870,sao paulo,SP
d13e50eaa47b4cbe9eb81465865d8cfc,09210,santo andre,SP
da8622b14eb17ae2831f4ac5b9dab84a,13405,piracicaba,SP
fe26f3ecb51a15e6d8335cd92da42562,04365,sao paulo,SP
b37c4c02bda3161a7546a4e6d222d5b2,03667,sao paulo,SP
710e3548e02bc1d2831dfc4f1b5b14d4,86600,rolandia,PR
485452467ff670447e84a8370c3fc898,89190,taio,SC
3ab971ce71839580d2ae5b4e40fe8044,03210,sao paulo,SP
9d4db00d65d7760644ac0c14edb5fd86,18025,sorocaba,SP
d4f117125b59ce73c3302f88ee40c458,04058,sao paulo,SP
30a2f535bb48308f991d0b9ad4a8c4bb,13457,santa barbara d'oeste,SP
1336efc61c316ddf92c899eb817f7cae,19800,assis,SP
620c87c171fb2a6dd6e8bb4dec959fc6,25645,petropolis,RJ
63a79f5a7eb5cb48a7e5787b141c7993,38701,patos de minas,MG
070d165398b553f3b4b851c216b8a358,03916,sao paulo,SP
b64d51f0435e884e8de603b1655155ae,07077,garulhos,SP
4c8b8048e33af2bf94f2eb547746a916,14940,ibitinga,SP
88460e8ebdecbfecb5f9601833981930,87030,maringa,PR
7d76b645482be4a332374e8223836592,01511,sao paulo,SP
cac4c8e7b1ca6252d8f20b2fc1a2e4af,13347,indaiatuba,SP
cc63f0dd2acba93ffed4fe9f8e0321fa,15025,sao jose do rio preto,SP
aa762680c40618316a896838866140ea,82510,curitiba,PR
01fd077212124329bac32490e8ef80d9,14079,ribeirao preto / sao paulo,SP
cb32766839f443db85c82a43c4a6c19e,13506,rio claro,SP
7aa538dd6e114e503a2e6154ea352253,15807,catanduva,SP
06a2c3af7b3aee5d69171b0e14f0ee87,65072,sao luis,MA
2e90cb1677d35cfe24eef47d441b7c87,02285,sao paulo,SP
adbc26658d6c7b4b6219f9d934598091,81770,curitiba,PR
0ffa40d54288e4f3499b8780dd0f144f,19013,presidente prudente,SP
d05ae8f7a5bd1d2a690a44cd079e4e27,22775,rio de janeiro,RJ
508808d438fe2ff972ed13bb8f4a82e2,03963,sao paulo,SP
1976a05ecf2996d6ffb7b5430e635fe7,19806,assis,SP
39d61be7a92eb77b7da367bd4845bc0e,13420,sao paulo,SP
392353362d22cc2c236e1ee81ff19890,89069,blumenau,SC
2e1c9f22be269ef4643f826c9e650a52,04850,sao paulo,SP
00fc707aaaad2d31347cf883cd2dfe10,87025,maringa,PR
d1c281d3ae149232351cd8c8cc885f0d,14940,ibitinga,SP
33c51922b6e3c16b24a8f28e5833c99d,86010,londrina,PR
f80edd2c5aaa505cc4b0a3b219abf4b8,03431,sao paulo,SP
3ade81dab5a172b88e1871c28ae05260,15076,sao jose do rio preto,SP
562fc2f2c2863ab7e79a9e4388a58a14,13070,campinas,SP
960945e1a9535cbc0cd6ddd35fbe7ae8,08290,sao paulo,SP
7e26c750b4cb9f6766f58265ff9ebe95,30270,belo horizonte,MG
5a8e7d5003a1f221f9e1d6e411de7c23,13076,campinas,SP
5d3bb11474a06bdc23fb9e89f1164ee0,19804,assis,SP
c35affa65afd250151285c5917fc1c8a,08050,sao paluo,SP
3bb548e3cb7f70f28e3f11ee9dce0e59,87040,maringa,PR
522620dcb18a6b31cd7bdf73665113a9,85801,cascavel,PR
ce7d1888639e6fb06b2749cbfdac1ff7,37443,baependi,MG
a4b6b9b992b46e9ef863637af96e04bc,88090,florianopolis,SC
ff1e15b778c700abdd4d239b81ac466d,81260,curitiba,PR
85d9eb9ddc5d00ca9336a2219c97bb13,31255,belo horizonte,MG
a673821011d0cec28146ea42f5ab767f,03809,sao paulo,SP
ca7c6bd577e559472af1c699de9e764e,09812,sao bernardo do campo,SP
c8b3445d737de6befde0c88ede534a5e,05734,sao paulo,SP
2e1a7d075abe038c1b2743005fe42ff1,03461,sao paulo,SP
11bfa66332777660bd0640ee84d47006,14085,ribeirao preto,SP
5160d23075764e18e07c1f4a87fad743,09720,sao bernardo do campo,SP
dd55f1bb788714a40e7954c3be6df745,01021,sao paulo,SP
ae7ab174effdead6c241e547e4ca13f0,86703,arapongas,PR
9d7a1d34a5052409006425275ba1c2b4,14403,franca,SP
dc4a0fc896dc34b0d5bfec8438291c80,14940,ibitinga,SP
b9ca8e8baa5d4aa038394a700f63e69f,03001,sao paulo,SP
e26901d5ab434ce92fd9b5c256820a4e,09350,maua,SP
9d5604a1f112324ad6b2aa552122e0fb,88075,florianopolis,SP
a6fe7de3d16f6149ffe280349a8535a0,14401,franca,SP
aac29b1b99776be73c3049939652091d,38408,uberlandia,MG
54a1852d1b8f10312c55e906355666ee,13456,santa barbara d'oeste,SP
88ae906ea2acf6971f26c3e8b7cb4357,01550,sao paulo,SP
c826c40d7b19f62a09e2d7c5e7295ee2,07133,guarulhos,SP
a425f92c199eb576938df686728acd20,81050,curitiba,PR
113e3a788b935f48aad63e1c41dac1bd,12570,aparecida,SP
d12c926d74ceff0a90a21184466ce161,02634,sao paulo,SP
71dc18fd8cbf5fd77f45dd8b427abb34,82520,curitiba,PR
985c92cc412091f8529c12d7f23d3fef,36300,sao joao del rei,MG
ffad1e7127fb622cb64a900751590acd,13465,americana,SP
594f9aaa48e5bf431f011ddc5669b0d5,32185,contagem,MG
eba88037e1dca898cd02881f67ced679,03647,sao paulo,SP
f7ccf836d21b2fb1de37564105216cc1,14940,ibitinga,SP
7e3f87d16fb353f408d467e74fbd8014,04809,sao paulo,SP
bb135baca94c82fcb731335ad5b04a03,04362,sao paulo,SP
4830e40640734fc1c52cd21127c341d4,03573,sao paulo,SP
dbb9b48c841a0e39e21f98e1a6b2ec3e,03929,sao paulo,SP
72c5da29406b4234927b81855e7b64f6,07077,guarulhos,SP
0ed6ce5d87fd9c69eaacaeb778d67235,13473,americana,SP
4391ea5c5990502176a1dcda44a2373d,91910,porto alegre,RS
38e6dada03429a47197d5d584d793b41,04763,sao paulo,SP
6973a06f484aacf400ece213dbf3d946,12230,sao jose dos campos,SP
9bade61a92bed55a25d2b67b9f4ed739,83005,sao jose dos pinhais,PR
d29ba1220fb8634fa3a107e54497b8a4,13560,sao carlos,SP
226b05fe067266c59c15dae208213d06,81520,curitiba,PR
788f22bafdd7ab0e1e79f19db72f16a4,04137,sao paulo,SP
0cbcee27c791afa0cdcb08587a2013a8,37410,tres coracoes,MG
3d2531eccfbde1d7c8db7a3a12fb267a,31340,contagem,MG
b1a81260566c1bac3114a6d124413f27,99500,carazinho,RS
080199a181c46c657dc5aa235411be3b,06097,osasco,SP
cca3071e3e9bb7d12640c9fbe2301306,14940,ibitinga,SP
788e857f317e53de488d393e65a80f45,08280,sao paulo,SP
7f7b8245c336066a1f9933c359f11d77,13800,mogi mirim,SP
8648b1e89e9b349e32d3741b30ec737e,12308,jacarei,SP
d50d79cb34e38265a8649c383dcffd48,08290,sao paulo,SP
f214d28e8d8e3ef068748498ccc2f813,03872,sao paulo,SP
ebd2d60905fb58271facef5596b620d3,18683,lencois paulista,SP
efcd8d2104f1a05d028af7bad20d974b,16012,aracatuba,SP
6562efe88ce0826a4ca4f189f03b4b84,87005,maringa,PR
530ec6109d11eaaf87999465c6afee01,85807,cascavel,PR
a5259c149128e82c9d6d46e0c1c812bb,76900,ji parana,RO
f543ba3c973276f519d89d59bd46cead,15030,sao jose do rio preto,SP
0adac9fbd9a2b63cccaac4f8756c1ca8,13290,louveira,SP
402916f742e5c740cc751493d9cf5053,39740,guanhaes,MG
04aba03279157f6d4e0fe8ccaf21963c,28470,santo antonio de padua,RJ
b39d7fe263ef469605dbb32608aee0af,14940,ibitinga,SP
ca77545ca4d2dfd1431bf61334e2fa3c,87020,maringa,PR
7b0df942f46435babab05d49b744b2c4,12924,braganca paulista,SP
f27e33c6d29b5138fa9967bcd445b6d5,04273,sao paulo,SP
1c40343cc5d18c2d8248ac2f3366de34,13482,limeira,SP
e3a386fc36e22064434e1fa256f6a9fa,13165,engenheiro coelho,SP
c9aafcd0621b2207c10e32c649cada4d,08011,sao paulo,SP
08ad4ac1388e4420ca531c3edfc46198,06663,itapevi,SP
6fc26fe110feebd80a433e1f012a84f9,15601,fernandopolis,SP
ab27bbbad5239bc31a34709275a70db4,18279,tatui,SP
98dac6635aee4995d501a3972e047414,02030,sao paulo,SP
a49928bcdf77c55c6d6e05e09a9b4ca5,03017,sao paulo,SP
b12cfd255810394b60caef18ae163547,85810,cascavel,PR
51ed72984a04e5dd35c2b27e77179038,15050,sao jose do rio preto,SP
606ce7768feac12c5e8bd58db8b08f0f,13084,campinas,SP
0d85bbda9889ce1f7e63778d24f346eb,38414,uberlandia,MG
d624126b9206f595fb3fbb6ba03b28a8,80045,curitiba,PR
e6a69c4a27dfdd98ffe5aa757ad744bc,04424,sao paulo,SP
f181738b150df1f37cb0bd72e705b193,06317,carapicuiba,SP
4305fe92735c8a43d154ff6dd2b8d927,35170,coronel fabriciano,MG
bd4889b5e9133b35b66e42a8665cea5c,02963,sao paulo,SP
5ab05b6d86d417796c69ffd6774ec832,19815,assis,SP
9de4643a8dbde634fe55621059d92273,89225,joinville,SC
3be634553519fb6536a03e1358e9fdc7,08275,sao paulo,SP
ed46f1eb4a638113deb2a1137b5f22e9,89080,indaial,SC
04308b1ee57b6625f47df1d56f00eedf,88215,bombinhas,SC
23d7c96d4a1160db1c726b248601b25a,13360,capivari,SP
e883aa812c37a7413226856f4579fe91,06696,itapevi,SP
c0563dd588b775f2e37747ef6ad6c92c,09220,santo andre,SP
33a6f4b1e7cdc205511e76ba1b6e0186,07084,guarulhos,SP
91f848e9f4be368f4318775aac733370,03029,sao paulo,SP
7a67c85e85bb2ce8582c35f2203ad736,03426,sao paulo,SP
55029529919c0123526150bd26ca8f20,32280,contagem,MG
b372ee768ed69e46ca8cdbd267aa7a38,15013,sao jose do rio preto,SP
d20b021d3efdf267a402c402a48ea64b,14940,ibitinga,SP
0ea22c1cfbdc755f86b9b54b39c16043,35700,sete lagoas,MG
bbaff50f3b708fda865918715276cd87,12940,atibaia,SP
db2956745b3a8e9f3785c99f34b5d25e,11600,sao sebastiao,SP
232a6014e7b10cba61c6c2b2ea6bb4b0,16500,cafelandia,SP
59cd88080b93f3c18508673122d26169,11707,praia grande,SP
fffd5413c0700ac820c7069d66d98c89,13908,amparo,SP
712e6ed8aa4aa1fa65dab41fed5737e4,89560,videira,SC
05730013efda596306417c3b09302475,88813,criciuma,SC
0b35c634521043bf4b47e21547b99ab5,84530,teixeira soares,PR
edb1ef5e36e0c8cd84eb3c9b003e486d,25957,teresopolis,RJ
3361277dc30b7cccdb0c286b24219756,87015,maringa,PR
3c7c4a49ec3c6550809089c6a2ca9370,03804,sao paulo,SP
822bad9bc42b51213ba522fe87b7ab5d,88330,balneario camboriu,SC
48162d548f5b1b11b9d29d1e01f75a61,13403,piracicaba,SP
3fd1e727ba94cfe122d165e176ce7967,14802,araraquara,SP
c3fe93ba3085f92855c97e57f38c8c05,81510,curitiba,PR
9646c3513289980f17226a2fc4720dbd,12215,sao jose dos campos,SP
36a968b544695394e4e9d7572688598f,11010,santos,SP
4b5f66b7adcf57f1ecc0d3c07dd6b177,87025,vendas@creditparts.com.br,PR
ec21206b7894c503788a684a7bc822a6,28950,armacao dos buzios,RJ
b1aaae6b66ad3c40f54b389d7ea4bee0,04714,sao paulo,SP
5f67c6082caacb26e431a7b17940cece,87083,maringa,PR
8160255418d5aaa7dbdc9f4c64ebda44,14940,ibitinga,SP
cee48807215b30a12ca2ca10ffb5f250,11431,guaruja,SP
633ecdf879b94b5337cca303328e4a25,04438,sao paulo,SP
05a940b4ecae36cadfd8e93bd9c43257,74305,goiania,GO
da7039f29f90ce5b4846ffc0fcc93beb,09041,santo andre,SP
4c03b9dd4c11ee2cb35c96c49efc9420,13232,campo limpo paulista,SP
a5a1bfcf728ab0e19182959cf0771ee4,13960,socorro,SP
ffff564a4f9085cd26170f4732393726,13070,campinas,SP
bbad7e518d7af88a0897397ffdca1979,01512,sao paulo,SP
d9e7e7778b32987280a6f2cb9a39c57d,03304,sao paulo,SP
99a54764c341d5dc80b4a8fac4eba3fb,03273,sao paulo,SP
282f23a9769b2690c5dda22e316f9941,31573,belo horizonte,MG
d03698c2efd04a549382afa6623e27fb,45658,ilheus,BA
e21a1e8be4715b0fcfd5385643bc49c4,88715,jaguaruna,SC
8f119a0aee85c0c8fc534629734e94fd,06440,barueri,SP
b1fc4f64df5a0e8b6913ab38803c57a9,24440,sao goncalo,RJ
0ebd97a106433a45a4aebe57c1799778,32240,contagem,MG
a7f13822ceb966b076af67121f87b063,08577,itaquaquecetuba,SP
5def4c3732941a971cba8fdee992ede1,02113,sao paulo,SP
80e6699fe29150b372a0c8a1ebf7dcc8,83323,pinhais,PR
42ef3192a9ff87a22d1867b74b3ee205,09090,santo andre,SP
a2deecd5398f5df4987110c80a1972a3,05043,sao paulo,SP
c003204e1ab016dfa150abc119207b24,07790,cajamar,SP
5656537e588803a555b8eb41f07a944b,72015,brasilia,DF
503c1de08ae81a2d86f17951b204db55,03725,sao paulo,SP
b8bc237ba3788b23da09c0f1f3a3288c,88303,itajai,SC
de23c3b98a88888289c6f5cc1209054a,05530,sao paulo,SP
2a61c271b1ac763450d846849783e922,09175,santo andre,SP
5dceca129747e92ff8ef7a997dc4f8ca,13450,santa barbara d´oeste,SP
e1dc0754bada9ee4cfe9713f22f61292,25035,duque de caxias,RJ
3d871de0142ce09b7081e2b9d1733cb1,13232,campo limpo paulista,SP
bf0d50a6410d487dc97d2baac0a8c0be,13408,piracicaba,SP
51e4e89242cbb846c2deff3dc015650e,96203,rio grande,RS
86ccac0b835037332a596a33b6949ee1,89041,blumenau,SC
3340ef1913fb70d28420f6ceb685c339,87040,maringa,PR
b74d1c09cb380e1d03a6f859c6f4224b,20061,rio de janeiro,RJ
1bb2bdb95f4841f1bba2c0d2cd83d3c9,01257,sao paulo,SP
670c26e0f1bf8d0576271d5cfaec6d2b,87025,maringa,PR
1b65c144b17e607c0f37f10bb7dfec8d,89160,rio do sul,SC
f4aba7c0bca51484c30ab7bdc34bcdd1,01031,sao paulo,SP
e0878efa0e0b7e5313ac0b43bc04c081,80230,curitiba,PR
e9d99831abad74458942f21e16f33f92,03542,sao paulo,SP
eed78ac17f7f795a19a709745f00cd4e,18608,botucatu,SP
a2e874074c877c5a05abae80ad6e488f,15070,sao jose do rio preto,SP
abcd2cb37d46c2c8fb1bf071c859fc5b,78020,cuiaba,MT
365e445f796710c3431557e85caa25db,04083,sao paulo,SP
325f3178fb58e2a9778334621eecdbf9,06790,taboao da serra,SP
8c16d1f32a54d92897cc437244442e1b,89023,blumenau,SC
f5a590cf36251cf1162ea35bef76fe84,09720,sao bernardo do campo,SP
1e8b33f18b4f7598d87f5cbee2282cc2,02066,sao paulo,SP
59cea8e446d3834393058e7e0666b6fb,87050,maringa,PR
1da3aeb70d7989d1e6d9b0e887f97c23,04265,sao paulo,SP
5b67882648febfb6e1225e6ad7164f6b,87502,umuarama,PR
53e4c6e0f4312d4d2107a8c9cddf45cd,13920,pedreira,SP
039e6ad9dae79614493083e241147386,03560,sao paulo,SP
527801b552d0077ffd170872eb49683b,17400,garca,SP
2ea0861cc19e94cad86438c984c52da4,03731,sao paulo,SP
7202e2ba20579a9bd1acb29e61fe71f6,14401,franca,SP
0509040ea3fe50071181bbc359eb7738,31710,belo horizonte,MG
5c853bb56f70f4d14218944bae111d7a,06715,cotia,SP
bba74270a87732727b5a3b4fd9ac1c39,32604,betim,MG
835f0f7810c76831d6c7d24c7a646d4d,08030,sao paulo,SP
702835e4b785b67a084280efca355756,36046,juiz de fora,MG
3076499bbc033a927bf4a8a41bcf7fd4,15350,auriflama,SP
238fac594e170b59c6d228f5a4f4f1d9,17300,dois corregos,SP
134a288e7de827ec5ec62e3ec9c3a295,03168,sao paulo,SP
07de60b03d150fb3ea09eab5da5e4c8b,14940,ibitinga,SP
5cf13accae3222c70a9cac40818ae839,38700,patos de minas,MG
96804ea39d96eb908e7c3afdb671bb9e,38950,ibia,MG
2fa13c8bd5705d279f7ed5cc9ec61c68,04679,sao paulo,SP
c72de06d72748d1a0dfb2125be43ba63,46430,guanambi,BA
8d79c8a04e42d722a75097ce5cbcf2ef,61658,caucaia,CE
8ae520247981aa06bc94abddf5f46d34,88370,navegantes,SC
ac3508719a1d8f5b7614b798f70af136,92030,canoas,RS
4a3ca9315b744ce9f8e9374361493884,14940,ibitinga,SP
478bfe564db21eeb44386606aa30b650,33600,pedro leopoldo,MG
6d988d6174a2c27441597174f8905515,87070,maringa,PR
6f892e20a171e98efe17fdb971ff319b,08270,sao paulo,SP
acadd4d36859671cb635527c6c977533,14270,santa rosa de viterbo,SP
034b9387752bfa309f350a70cd45ffa3,89036,blumenau,SC
abbf6046bbdf1028606a5bc7f00c99e7,89820,xanxere,SC
901b460cdce0c64e471230d7f2f9f3a3,90620,porto alegre,RS
11eac105f3f90a9b87b19c89d91e24f3,07411,sao paulo,SP
0725b8c0f3f906e58f70cbe76b7c748c,07023,guarulhos,SP
f35becee938e982bd615edf8ef12bcfb,19160,alvares machado,SP
634964b17796e64304cadf1ad3050fb7,21840,rio de janeiro,RJ
54219883e72aad869adfb2a54b7bfa0f,18060,sorocaba,SP
5795aebfe331fbcd02a2c4b679fb7952,88132,palhoca,SC
3078096983cf766a32a06257648502d1,13720,scao jose do rio pardo,SP
014d9a685fd57276679edd00e07089e5,87015,maringa,PR
656591be56071d4c9ef4e5fee78a578a,09180,santo andre,SP
26562f211dd1364af2a8596dc945e8ae,09785,sao bernardo do campo,SP
b33e7c55446eabf8fe1a42d037ac7d6d,14850,pradopolis,SP
218d46b86c1881d022bce9c68a7d4b15,14070,ribeirao preto,SP
dfc475d54e1b6dbeeb7d7d9bdaa63827,81460,curitiba,PR
813348c996469b40f2e028d5429d3495,13206,jundiai,SP
2745f798279e0ed033addcc1474776d7,03106,sao paulo,SP
af7cdac9d9897cddead9c6b08976c642,18500,laranjal paulista,SP
3b15288545f8928d3e65a8f949a28291,14940,ibitinga,SP
81783131d2a97c8d44d406a4be81b5d9,18015,sorocaba,SP
29e6e05b65f93bc224c644319dc52ecf,36010,juiz de fora,MG
cce6ab8d1682639fe45ab70234f1665f,81020,curitiba,SP
5275ca25d0358ca73864e0ae41be1320,07024,guarulhos,SP
eb4df17aed01d918c65f0f8d650900c0,13140,paulinia,SP
8e6cc767478edae941d9bd9eb778d77a,38442,araguari,MG
52d76513f0c4d97f3b99570e2c94ee31,93348,novo hamburgo,RS
dace965ca58120f92f8d742a9fa1864b,14015,sao paulo,SP
c8467937e403e76a8ee9f0ab13f6f5ef,37704,pocos de caldas,MG
4992e76a42cb3aad7a7047e0d3d7e729,03334,sao paulo,SP
02dcd3e8e25bee036e32512bcf175493,32310,contagem,MG
0b18d63d0cd1d723567903fd34a07df2,05141,sp,SP
d25aa0aaacb370e912f8cf6efeba38b3,89108,massaranduba,SC
2953ce3a88f5e3c3b696d77fc9e4c8eb,04270,sao paulo,SP
57fe6232e67823593374a2281d7a8af8,13360,capivari,SP
8b28d096634035667e8263d57ba3368c,12243,sao jose dos campos,SP
82cb9f452fe8334df74b22d37824b431,95013,caxias do sul,RS
d17f467e4bf608a510c20d82f4ba3b6b,95098,caxias do sul,RS
4371b634e0efc0e22b09b52907d9d469,02028,sao paulo,SP
1b45169b635ef59425637e9a33eb5fb3,87050,maringa,PR
bd23da7354813347129d751591d1a6e2,03971,sao paulo,SP
b2eecf5ea250510da76590ca79d60e5d,03318,sao paulo,SP
8f2ce03f928b567e3d56181ae20ae952,05141,pirituba,SP
d4e12e7884759a14fa0f5f896c791cae,02242,sao paulo,SP
e24fc9fcd865784fb25705606fe3dfe7,12913,braganca paulista,SP
26e2c91ef821e1ff8985f408788fe35b,14940,ibitinga,SP
53336f97ddbe53e2a617d07b17447b95,03461,sao paulo,SP
900ba814c251a692506d7834c1218441,13328,salto,SP
afe0067131b73e40875c9b6c10bd2e21,35590,lagoa da prata,MG
542917da124346b47ea1ac79a93ce454,82560,curitiba,PR
35b96509602ec4b7da831b5cd73ff2c2,93040,sao leopoldo,RS
85cc55e048b6bcc90c75afe7f0e72f72,27345,barra mansa,RJ
2009a095de2a2a41626f6c6d7722678d,15025,sao jose do rio preto,SP
c458e2045a8aa8964f8879af03fdcce6,09572,sao caetano do sul,SP
8a32e327fe2c1b3511609d81aaf9f042,02443,sao paulo,SP
31561f325664a8a7aba4c8d0c3a9b3db,03287,sao paulo,SP
d23019c84ffae2d5ef2270367b8605fc,86073,londrina,PR
b586cd24c010a13916af621b0325fbba,89164,rio do sul,SC
0d83f8e03188682112cc0d93523705cc,91150,porto alegre,RS
0873d9f8f36123f8d910f4760e788cfb,06465,barueri,SP
4869f7a5dfa277a7dca6462dcf3b52b2,14840,guariba,SP
37515688008a7a40ac93e3b2e4ab203f,17900,dracena,SP
0249d282d911d23cb8b869ab49c99f53,05676,sao paulo,SP
25be943a321c8938947bdaabca979a90,09725,sao bernardo do campo,SP
ffa6adafb71b807dc13159e26431354c,86030,londrina,PR
080102cd0a76b09e0dcf55fcacc60e05,31140,belo horizonte,MG
b2ac621f0d0322434d04a12b078b9369,80220,curitiba,PR
71039d19d4303bf9054d69e9a9236699,03018,sao paulo,SP
54065e9aef7e9e9c2dc23b7594db021a,20040,rio de janeiro,RJ
4d6d651bd7684af3fffabd5f08d12e5a,17209,jau,SP
b76dba6c951ab00dc4edf0a1aa88037e,03237,sao paulo,SP
b1204cfda1d4948679db3cfc0d3cb95c,07170,guarulhos,SP
b4ffb71f0cb1b1c3d63fad021ecf93e1,03880,sao paulo,SP
c26ba52cf8d2f34915f2f6b7ffa0a3f3,21510,rio de janeiro,RJ
974cf2cb8f4b7add98709c30df02fe10,14802,araraquara,SP
3c487ae8f8d7542beff5788e2e0aea83,72460,gama,DF
4a3ccda38b2129705f3fb522db62ca31,17504,marilia,SP
33576ec5412fb5905d876f12f33bfde6,80040,curitiba,PR
5b85809efd0d0e4dea1a9544e1280ed9,19020,presidente prudente,SP
056b4ada5bbc2c50cc7842547dda6b51,26379,queimados,RJ
34056b8b55c1775a22af2331670a799c,16304,penapolis,SP
23c38debaffe4a25a30fdbd9b586a13f,18110,votorantim,SP
c9c7905cffc4ef9ff9f113554423e671,06871,itapecerica da serra,SP
0887a9f087bcd5d9f6642b52f897fc6c,11990,cananeia,SP
00720abe85ba0859807595bbf045a33b,07070,guarulhos,SP
75d34ebb1bd0bd7dde40dd507b8169c3,41820,salvador,BA
e5e33c0d8e7e002f398f5dc4cbbb338f,17032,bauru,SP
8f54d64f28a993550aa7943f12572959,35160,ipatinga,MG
13074f016982ff2bd6c58ced8682f000,95705,bento goncalves,RS
57e632711dec9ec14ca7546769483e7e,88372,navegantes,SC
cb3dd9ce66268c7a3ca7241ac70ab58c,03028,sao paulo,SP
094ced053e257ae8cae57205592d6712,14095,ribeirao preto,SP
9906e7aa42a3c067b7c9a564d01c4320,87065,maringa,PR
1f1bb1f0859883505541bdd6606193e5,02124,sao paulo,SP
4200ddf1967c5e41e48db62bc6d4b5ac,09710,sao bernardo do campo,SP
64b87978a11c1ea7501a89eabe8c2c1a,19300,presidente bernardes,SP
403aa86912527d730337ffcb0fb096ab,30220,belo horizonte,MG
c847e075301870dd144a116762eaff9a,38022,uberaba,MG
6cf476a4ca74498db55cbccdaa9dcfb6,02873,sao paulo,SP
a5cba26a62b8b4d0145b68b841e62e7f,87303,campo mourao,PR
1025f0e2d44d7041d6cf58b6550e0bfa,03204,sao paulo,SP
891071be6ba827b591264c90c2ae8a63,03872,sao paulo,SP
3c4e0452bff7a2a788179488d3d77032,83408,colombo,PR
6c99c983ce3b6ba0ab813e6790e81691,38400,uberlandia,MG
7586919161935337bf6b6d7ff5779648,21921,rio de janeiro,RJ
827f8f69dfa529c561901c4f2e0f332f,81880,curitiba,PR
59fb871bf6f4522a87ba567b42dafecf,03655,sao paulo,SP
a1043bafd471dff536d0c462352beb48,37175,ilicinea,MG
5ca5d579b5857ee8709479b1047cecc3,04176,sao paulo,SP
3b872fd4747f01cc56206f2934198618,14940,ibitinga,SP
6e4a902d1054e4e17aa6eab87fac1c75,18090,sorocaba,SP
92eb0f42c21942b6552362b9b114707d,03504,sao paulo,SP
6bbcb8924baf70b7fe2fe2097e8cd407,89031,blumenau,SC
0ec28cec4046a4a199b6de9b4c891d97,74110,goiania,GO
5debea795b07621e1f90532e18f96145,86800,apucarana,PR
2709af9587499e95e803a6498a5a56e9,03813,sao paulo,SP
725c32fa80c2faacc4fc88450d27314e,03320,sao paulo,SP
850913d59ce317156b00f3705f1c3edb,12942,atibaia,SP
e8b3a3a38279a82f0e5d006d5e5b7d2c,87230,jussara,PR
b17b679f4f5ce2e03ce6968c62648246,14090,ribeirao preto,SP
bce6a5ecf98e99fd2a8868b15c51f04b,07180,guarulhos,SP
0a85ebe4e328db81ac9109781205e2f7,13205,jundiai,SP
0db783cfcd3b73998abc6e10e59a102f,11010,santos,SP
431af27f296bc6519d890aa5a05fdb11,14110,ribeirao preto,SP
0be8ff43f22e456b4e0371b2245e4d01,04461,sao paulo,SP
1835b56ce799e6a4dc4eddc053f04066,14940,ibitinga,SP
2e13c71026e1a39ba5cc1b86dcb679aa,02265,sao paulo,SP
13d058e4eeac2ce8217660b2f8a05812,06080,osasco,SP
e48b04bf1aa1ef711caebeb7aede6180,80240,curitiba,PR
f67efa3f0b6761102a7f8c6b7b571f5d,82300,curitiba,PR
382229d1e840115ffe3dbf5ff460e417,23092,rio de janeiro,RJ
5c243662ce92d84573bfaff24c3e3700,03702,sao paulo,SP
fd386aa7bed2af3c7035c65506c9b4a3,04208,sao paulo,SP
41c2bad7229b0c25e6becf179ebf63ff,59020,natal,RN
8b655f0855926bcb49f5835d38dfddf6,06192,osasco,SP
1b7e5006cb25dd23ce8686691013b121,02350,sao paulo,SP
4559697a8f7e637227c2eeaed843baff,19029,presidente prudente,SP
19a7c9f66ffa6452ff4b4c0cca71da27,85880,itaipulandia,PR
6fa9202c10491e472dffd59a3e82b2a3,18030,sorocaba,SP
42fa4ee7240e9b8eb4576358ec142ba7,95012,caxias do sul,RS
e8f6dc8e6a1dcde89d20e3995c8d90b3,03476,sao paulo,SP
81a1104df0f08b59c68aa5b03cfe398e,83020,sao jose dos pinhais,PR
750303a20e9c56b2a6bc45cdce0b897d,74333,goiania,GO
f8db351d8c4c4c22c6835c19a46f01b0,13324,salto,SP
1838dd9b8977065acf51d95e0053ea7a,30882,belo horizonte,MG
1b8b75e227c9a9c100d0c210fb6176ce,05468,sao paulo,SP
39d54ff918774174706fb065d7f9dc07,04243,sao paulo,SP
1ca7077d890b907f89be8c954a02686a,06506,santana de parnaiba,SP
3a490ba60afa30ece0e7d50cfe74a4f0,31365,belo horizonte,MG
d566c37fa119d5e66c4e9052e83ee4ea,04131,sao paulo,SP
2199e7fe213c16213bf5d6a7eadc9a5d,11900,registro,SP
2b3e4a2a3ea8e01938cabda2a3e5cc79,04733,sao paulo,SP
e333046ce6517bd8bb510291d44f0130,18950,ipaussu,SP
5a413ade68e8f8d93071a7f52a64cb9e,03679,sao paulo,SP
8f78f0903005064036736c7173a5c2ed,36325,tiradentes,MG
9803a40e82e45418ab7fb84091af5231,75901,rio verde,GO
83e197e95a1bbabc8c75e883ed016c47,25900,mage,RJ
17908cf9b444ee34047cadd5c0f4a516,75124,anapolis,GO
17f51e7198701186712e53a39c564617,03908,sao paulo,SP
d1582f4043306e6b91afa6a8a884f898,03445,sao paulo,SP
655220df33262c7e0c4949a147366f94,09951,diadema,SP
7210cd29727d674c00741e5e387b3ccd,03279,sao paulo,SP
0570350b23eda5444f8d1d9544932058,05104,sao paulo,SP
70a12e78e608ac31179aea7f8422044b,12327,jacarei,SP
c1ed9e3daf6154542826a6996af0fb8c,88308,itajai,SC
d101c6da914ae3d53f7bee42283f2fe2,08072,sao paulo,SP
a00824eb9093d40e589b940ec45c4eb0,18590,bofete,SP
2d2c62bef4c8ba0dd74e0e228e808539,14096,ribeirao preto,SP
ff063b022a9a0aab91bad2c9088760b7,09171,santo andre,SP
82bd0703a4aefd6b599e5bfdaed378fb,17510,marilia,SP
25cf099de44674fde97473224f9d59ab,06716,cotia,SP
7139dc5186aa238b006e066d8fbab2e4,13901,amparo,SP
d94a40fd42351c259927028d163af842,37443,baependi,MG
6bd503a8230299c9316fb0f726933927,75650,morrinhos,GO
0885aaf116795758dfeb5f1032487bcd,08541,ferraz de vasconcelos,SP
6288c69c4ce638e59925e59193f98b16,09010,santo andre,SP
06579cb253ecd5a3a12a9e6eb6bf8f47,04007,sao paulo - sp,SP
8ab42aa58097fd4668d60cc648225d5f,74150,goiania,GO
4978a02ea9c8be7a9b5480680f40334e,08215,sao paulo,SP
ccb83a794700270fde70898fe9ff368b,88960,sombrio,SC
46dc3b2cc0980fb8ec44634e21d2718e,22240,rio de janeiro,RJ
81f89e42267213cb94da7ddc301651da,19063,presidente prudente,SP
58f1a6197ed863543e0136bdedb3fce2,36407,conselheiro lafaiete,MG
df56d7b40d437f88407c5f78b63bc328,85812,cascavel,PR
165fc07beebdcb6190fba8a06db2a449,87015,maringa,PR
0691148aee60ca47977c187804f935ae,86010,londrina,PR
cac876b37d3abcd6bd76caca30277996,85816,cascavel,PR
70eea00b476a314817cefde4aad4f89a,13250,itatiba,SP
282c7480173bb9c01dd41cc739fec010,04795,sao paulo,SP
c840d3fdbba0790404fdae73d253b253,81530,curitiba,PR
7040e82f899a04d1b434b795a43b4617,01026,sao paulo,SP
3fe7120d6257285ac6a3ce7cb071ccec,35044,governador valadares,MG
d66c305afaec317ebee552073a674429,33936,ribeirao das neves,MG
42bde9fef835393bb8a8849cb6b7f245,71551,brasilia,DF
89bc797e2e29667aa035d4368f9b7f92,02969,sao paulo,SP
66922902710d126a0e7d26b0e3805106,31842,belo horizonte,MG
32f1bb9dfa65bc7df5c0d9d95a616be4,04705,sao paulo,SP
05f51e13da97139648b8125c31e5f51b,31910,belo horizonte,MG
7d456afc660226829370f3173d14520c,08820,mogi das cruzes,SP
1900267e848ceeba8fa32d80c1a5f5a8,14940,ibitinga,SP
157c3e4b42f81ac4a44e8b1ca2fe9876,03211,sao paulo,SP
08d2d642cf72b622b14dde1d2f5eb2f5,17512,marilia,SP
0e982cff76cc0579f632cea8a0e38c9d,88316,itajai,SC
014c0679dd340a0e338872e7ec85666a,35180,timoteo,MG
6ee85be3693ed79a8e80718743d80655,03937,sao paulo,SP
d5ba419e26d246a0719437cf37d9b46d,03437,sao paulo,SP
15aac934c58d886785ac1b17953ea898,29480,muqui,ES
f789d2c4f2c2eb38fc4373e7a4b35264,36010,juiz de fora,MG
eb3071b9f0b0ddaa2df5ea130f09f26b,04281,sao paulo,SP
31da954dc0855f2495c6310f70a2f931,13601,araras,SP
17e34d8224d27a541263c4c64b11a56b,14085,riberao preto,SP
e2aee0892199b1d92530e371abd825bf,86600,rolandia,PR
870d0118f7a9d85960f29ad89d5d989a,37708,pocos de caldas,MG
eb9267cccc90f1b49c8d2f9887c7dd97,52011,recife,PE
a35124e2d763d7ca3fbe3b97d143200f,04041,sao paulo,SP
a938325a4b357fd23a6a4d5bb126408e,26510,nilopolis,RJ
a3dd39f583bc80bd8c5901c95878921e,41342,salvador,BA
06df0c10d34e459d9672bc77388742eb,87045,maringa,PR
3c03b12bab54d8b37d79d914bfdb1aa0,25561,sao joao de meriti,RJ
9d5a9018aee56acb367ba9c3f05d1d6a,74930,aparecida de goiania,GO
f9244d45189d3a3605499abddeade7d5,03029,sao paulo,SP
198c7ea11960a9844b544d9bcdca860c,37590,jacutinga,MG
66e0557ecc2b4dbea057e93f215f68d8,04771,sao paulo,SP
daeb5653dd96c1b11860f72209795012,31310,belo horizonte,MG
87e24fc7052259b1f7f607d61c10d8be,05734,sao paulo,SP
d66c11a9572221d92fbb8c4897db5f9b,20770,rio de janeiro,RJ
e2c92f9c1c7746d899d18f2e158bbff7,15054,sao jose do rio preto,SP
ea67327e24487bdfac5fbfa37ea124df,14940,ibitinga,SP
1d1bbb8ac1581824986f582583fff01d,89082,indaial,SC
c70c1b0d8ca86052f45a432a38b73958,13186,hortolandia,SP
9e6967d3cf386d284251784b18ccb485,09550,sao caetano do sul,SP
7bac63f6603d382cc8d0832eb6c100a8,05713,sao paulo,SP
f8201cab383e484733266d1906e2fdfa,88137,palhoca,SC
